algorithm,tuple_count,total_time_ns,avg_time_ns,key_id,channel_0,channel_1,channel_2,channel_3,channel_4,channel_5,channel_6,channel_7
ascon,50000,6404208,128.084,N/A,6323,6410,6252,6105,6240,6238,6152,6280
crc32c,50000,699500,13.99,N/A,6324,6228,6211,6317,6293,6139,6303,6185
jhash,50000,465500,9.31,0,6224,6240,6227,6217,6271,6264,6243,6314
jhash,50000,441792,8.83584,1,6236,6334,6245,6175,6239,6316,6129,6326
jhash,50000,437917,8.75834,2,6054,6278,6378,6242,6301,6241,6225,6281
jhash,50000,438833,8.77666,3,6155,6282,6460,6214,6305,6126,6201,6257
jhash,50000,429000,8.58,4,6194,6275,6194,6203,6093,6344,6345,6352
jhash,50000,452083,9.04166,5,6249,6220,6213,6242,6304,6201,6335,6236
jhash,50000,466709,9.33418,6,6245,6175,6267,6230,6280,6232,6281,6290
jhash,50000,429334,8.58668,7,6192,6230,6223,6152,6227,6446,6304,6226
jhash,50000,443333,8.86666,8,6162,6148,6312,6233,6365,6218,6208,6354
jhash,50000,441792,8.83584,9,6187,6254,6363,6243,6223,6218,6239,6273
jhash,50000,442125,8.8425,10,6130,6191,6340,6363,6162,6429,6142,6243
jhash,50000,442125,8.8425,11,6199,6243,6359,6423,6189,6254,6150,6183
jhash,50000,446250,8.925,12,6275,6345,6249,6150,6333,6208,6338,6102
jhash,50000,447375,8.9475,13,6160,6174,6307,6272,6241,6249,6395,6202
jhash,50000,447125,8.9425,14,6272,6298,6211,6270,6170,6289,6347,6143
jhash,50000,444709,8.89418,15,6325,6269,6241,6175,6324,6253,6186,6227
jhash,50000,450208,9.00416,16,6234,6402,6246,6232,6289,6124,6239,6234
jhash,50000,455250,9.105,17,6359,6195,6282,6211,6250,6144,6270,6289
jhash,50000,448625,8.9725,18,6258,6308,6198,6244,6223,6232,6227,6310
jhash,50000,449333,8.98666,19,6231,6336,6292,6217,6151,6397,6187,6189
jhash,50000,449417,8.98834,20,6293,6189,6309,6111,6337,6183,6310,6268
jhash,50000,451583,9.03166,21,6268,6311,6269,6164,6232,6246,6248,6262
jhash,50000,450250,9.005,22,6298,6141,6244,6203,6160,6309,6362,6283
jhash,50000,457042,9.14084,23,6249,6272,6199,6136,6241,6257,6276,6370
jhash,50000,461875,9.2375,24,6154,6168,6322,6215,6200,6325,6257,6359
jhash,50000,458292,9.16584,25,6226,6261,6369,6316,6203,6201,6225,6199
jhash,50000,484375,9.6875,26,6336,6093,6268,6318,6259,6211,6318,6197
jhash,50000,449250,8.985,27,6370,6306,6128,6251,6180,6291,6203,6271
jhash,50000,450417,9.00834,28,6311,6096,6344,6252,6246,6279,6375,6097
jhash,50000,448708,8.97416,29,6261,6223,6312,6201,6226,6168,6347,6262
jhash,50000,448792,8.97584,30,6337,6211,6296,6189,6257,6327,6199,6184
jhash,50000,451375,9.0275,31,6306,6312,6208,6206,6133,6175,6265,6395
chaskey,50000,1245458,24.9092,0,6217,6269,6214,6281,6285,6164,6288,6282
chaskey,50000,1209333,24.1867,1,6188,6264,6375,6250,6101,6328,6194,6300
chaskey,50000,1206584,24.1317,2,6231,6295,6233,6164,6215,6247,6340,6275
chaskey,50000,1165917,23.3183,3,6270,6313,6221,6190,6263,6245,6285,6213
chaskey,50000,1166042,23.3208,4,6241,6236,6256,6208,6264,6387,6195,6213
chaskey,50000,1156875,23.1375,5,6300,6292,6278,6223,6153,6215,6177,6362
chaskey,50000,1157125,23.1425,6,6325,6166,6218,6277,6223,6175,6359,6257
chaskey,50000,1156834,23.1367,7,6326,6253,6060,6168,6288,6338,6189,6378
chaskey,50000,1182125,23.6425,8,6287,6235,6387,6147,6248,6301,6259,6136
chaskey,50000,1179042,23.5808,9,6282,6212,6226,6299,6205,6255,6220,6301
chaskey,50000,1210000,24.2,10,6143,6300,6399,6291,6422,6107,6160,6178
chaskey,50000,1203416,24.0683,11,6254,6352,6318,6102,6174,6313,6276,6211
chaskey,50000,1196875,23.9375,12,6304,6182,6245,6264,6207,6182,6263,6353
chaskey,50000,1210291,24.2058,13,6344,6239,6253,6190,6267,6321,6256,6130
chaskey,50000,1215041,24.3008,14,6229,6242,6347,6155,6361,6241,6221,6204
chaskey,50000,1206917,24.1383,15,6239,6272,6290,6123,6296,6198,6232,6350
chaskey,50000,1196958,23.9392,16,6202,6275,6332,6146,6129,6346,6329,6241
chaskey,50000,1219084,24.3817,17,6180,6154,6345,6167,6267,6288,6345,6254
chaskey,50000,1209250,24.185,18,6276,6337,6193,6241,6240,6243,6158,6312
chaskey,50000,1186625,23.7325,19,6264,6234,6173,6276,6249,6298,6284,6222
chaskey,50000,1159666,23.1933,20,6186,6151,6423,6118,6299,6403,6231,6189
chaskey,50000,1169792,23.3958,21,6251,6307,6228,6302,6141,6262,6145,6364
chaskey,50000,1166083,23.3217,22,6353,6284,6258,6180,6329,6253,6314,6029
chaskey,50000,1167667,23.3533,23,6299,6280,6238,6290,6371,6293,6053,6176
chaskey,50000,1168708,23.3742,24,6242,6263,6202,6239,6151,6204,6225,6474
chaskey,50000,1183584,23.6717,25,6243,6221,6268,6242,6293,6265,6256,6212
chaskey,50000,1178667,23.5733,26,6186,6301,6358,6215,6269,6228,6251,6192
chaskey,50000,1180042,23.6008,27,6209,6302,6239,6234,6289,6154,6301,6272
chaskey,50000,1200375,24.0075,28,6187,6365,6204,6272,6161,6296,6315,6200
chaskey,50000,1190083,23.8017,29,6197,6366,6376,6177,6146,6254,6141,6343
chaskey,50000,1191000,23.82,30,6285,6262,6239,6384,6220,6330,6127,6153
chaskey,50000,1213625,24.2725,31,6386,6212,6211,6242,6365,6136,6352,6096
halfsiphash,50000,1179458,23.5892,0,6336,6177,6186,6275,6194,6280,6326,6226
halfsiphash,50000,1175500,23.51,1,6133,6330,6215,6234,6238,6182,6207,6461
halfsiphash,50000,1154417,23.0883,2,6320,6078,6200,6280,6238,6364,6189,6331
halfsiphash,50000,1178417,23.5683,3,6215,6091,6312,6229,6295,6296,6254,6308
halfsiphash,50000,1178542,23.5708,4,6303,6316,6178,6270,6216,6138,6282,6297
halfsiphash,50000,1155584,23.1117,5,6129,6240,6311,6234,6328,6199,6264,6295
halfsiphash,50000,1173542,23.4708,6,6266,6176,6083,6218,6392,6328,6228,6309
halfsiphash,50000,1185042,23.7008,7,6342,6269,6124,6248,6280,6281,6226,6230
halfsiphash,50000,1160667,23.2133,8,6293,6246,6241,6082,6252,6324,6222,6340
halfsiphash,50000,1173667,23.4733,9,6387,6211,6320,6227,6196,6396,6169,6094
halfsiphash,50000,1159250,23.185,10,6209,6283,6238,6181,6239,6190,6299,6361
halfsiphash,50000,1169083,23.3817,11,6225,6147,6160,6316,6154,6332,6360,6306
halfsiphash,50000,1161333,23.2267,12,6385,6220,6208,6219,6226,6271,6213,6258
halfsiphash,50000,1175458,23.5092,13,6246,6171,6329,6250,6315,6148,6283,6258
halfsiphash,50000,1163250,23.265,14,6295,6289,6189,6208,6284,6313,6326,6096
halfsiphash,50000,1163333,23.2667,15,6327,6227,6168,6250,6174,6383,6227,6244
halfsiphash,50000,1167541,23.3508,16,6200,6219,6320,6318,6134,6358,6282,6169
halfsiphash,50000,1176625,23.5325,17,6134,6147,6309,6243,6363,6282,6231,6291
halfsiphash,50000,1173875,23.4775,18,6213,6161,6321,6150,6139,6328,6375,6313
halfsiphash,50000,1167834,23.3567,19,6387,6247,6238,6167,6292,6206,6154,6309
halfsiphash,50000,1188292,23.7658,20,6065,6424,6212,6157,6235,6342,6206,6359
halfsiphash,50000,1199083,23.9817,21,6244,6330,6206,6171,6304,6233,6308,6204
halfsiphash,50000,1160083,23.2017,22,6338,6264,6286,6217,6248,6181,6145,6321
halfsiphash,50000,1154375,23.0875,23,6300,6194,6322,6271,6317,6292,6114,6190
halfsiphash,50000,1163500,23.27,24,6206,6214,6321,6266,6412,6242,6129,6210
halfsiphash,50000,1167166,23.3433,25,6151,6233,6302,6229,6259,6323,6207,6296
halfsiphash,50000,1153750,23.075,26,6224,6217,6431,6167,6047,6295,6239,6380
halfsiphash,50000,1167583,23.3517,27,6217,6313,6224,6126,6379,6300,6208,6233
halfsiphash,50000,1168875,23.3775,28,6268,6316,6188,6124,6188,6263,6237,6416
halfsiphash,50000,1173750,23.475,29,6282,6230,6247,6285,6186,6209,6213,6348
halfsiphash,50000,1156458,23.1292,30,6296,6348,6328,6181,6231,6057,6250,6309
halfsiphash,50000,1156125,23.1225,31,6352,6077,6406,6190,6163,6237,6209,6366
siphash,50000,640875,12.8175,0,6178,6323,6115,6378,6336,6209,6265,6196
siphash,50000,642875,12.8575,1,6314,6294,6345,6278,6148,6263,6116,6242
siphash,50000,645000,12.9,2,6274,6259,6265,6222,6172,6277,6320,6211
siphash,50000,647583,12.9517,3,6128,6159,6084,6291,6323,6331,6339,6345
siphash,50000,640583,12.8117,4,6284,6217,6278,6183,6206,6313,6294,6225
siphash,50000,662958,13.2592,5,6206,6212,6221,6198,6238,6350,6231,6344
siphash,50000,656375,13.1275,6,6166,6276,6137,6272,6259,6362,6201,6327
siphash,50000,651792,13.0358,7,6329,6300,6302,6233,6211,6232,6115,6278
siphash,50000,655709,13.1142,8,6206,6325,6245,6288,6220,6247,6229,6240
siphash,50000,659916,13.1983,9,6109,6241,6262,6365,6217,6361,6236,6209
siphash,50000,655583,13.1117,10,6273,6243,6267,6241,6183,6235,6319,6239
siphash,50000,668042,13.3608,11,6165,6368,6264,6368,6184,6286,6185,6180
siphash,50000,666916,13.3383,12,6192,6348,6166,6230,6236,6154,6351,6323
siphash,50000,661834,13.2367,13,6262,6158,6293,6267,6090,6288,6350,6292
siphash,50000,668458,13.3692,14,6213,6258,6238,6296,6279,6150,6326,6240
siphash,50000,662000,13.24,15,6186,6213,6277,6214,6242,6354,6213,6301
siphash,50000,664042,13.2808,16,6223,6316,6268,6197,6395,6102,6295,6204
siphash,50000,669042,13.3808,17,6323,6217,6253,6240,6214,6218,6341,6194
siphash,50000,668792,13.3758,18,6322,6261,6296,6322,6101,6153,6283,6262
siphash,50000,673500,13.47,19,6161,6346,6234,6295,6257,6250,6240,6217
siphash,50000,668292,13.3658,20,6257,6268,6267,6182,6316,6257,6210,6243
siphash,50000,680000,13.6,21,6183,6453,6167,6177,6259,6263,6264,6234
siphash,50000,673000,13.46,22,6171,6277,6179,6317,6354,6287,6214,6201
siphash,50000,677708,13.5542,23,6311,6237,6232,6313,6243,6250,6255,6159
siphash,50000,677000,13.54,24,6279,6264,6191,6353,6257,6381,6065,6210
siphash,50000,678250,13.565,25,6216,6219,6341,6373,6284,6309,6058,6200
siphash,50000,704458,14.0892,26,6199,6316,6153,6184,6324,6277,6282,6265
siphash,50000,639042,12.7808,27,6213,6392,6165,6234,6284,6195,6220,6297
siphash,50000,661417,13.2283,28,6263,6332,6239,6169,6273,6198,6186,6340
siphash,50000,640375,12.8075,29,6278,6298,6180,6310,6227,6385,6138,6184
siphash,50000,635958,12.7192,30,6352,6176,6302,6267,6148,6130,6318,6307
siphash,50000,636791,12.7358,31,6131,6309,6253,6352,6242,6344,6214,6155
spookyhash,50000,272750,5.455,0,6257,6344,6160,6039,6324,6308,6203,6365
spookyhash,50000,274917,5.49834,1,6307,6199,6329,6199,6187,6126,6257,6396
spookyhash,50000,272042,5.44084,2,6335,6373,6219,6248,6220,6174,6215,6216
spookyhash,50000,272084,5.44168,3,6289,6133,6313,6247,6337,6251,6244,6186
spookyhash,50000,276916,5.53832,4,6250,6143,6319,6173,6206,6148,6440,6321
spookyhash,50000,281834,5.63668,5,6335,6143,6218,6290,6373,6235,6269,6137
spookyhash,50000,278458,5.56916,6,6283,6299,6175,6209,6312,6229,6215,6278
spookyhash,50000,283042,5.66084,7,6227,6316,6253,6363,6321,6161,6154,6205
spookyhash,50000,274666,5.49332,8,6309,6134,6201,6413,6296,6222,6309,6116
spookyhash,50000,285750,5.715,9,6165,6266,6275,6214,6194,6279,6260,6347
spookyhash,50000,273083,5.46166,10,6164,6283,6338,6258,6286,6285,6127,6259
spookyhash,50000,284542,5.69084,11,6259,6329,6240,6163,6221,6363,6191,6234
spookyhash,50000,277000,5.54,12,6213,6228,6226,6141,6347,6291,6336,6218
spookyhash,50000,281041,5.62082,13,6374,6295,6198,6166,6253,6165,6181,6368
spookyhash,50000,286083,5.72166,14,6271,6260,6099,6345,6373,6170,6233,6249
spookyhash,50000,277459,5.54918,15,6250,6213,6437,6378,6294,6118,6198,6112
spookyhash,50000,289750,5.795,16,6201,6302,6263,6214,6194,6264,6125,6437
spookyhash,50000,277542,5.55084,17,6425,6134,6215,6241,6284,6304,6235,6162
spookyhash,50000,286125,5.7225,18,6218,6176,6233,6282,6371,6265,6156,6299
spookyhash,50000,280708,5.61416,19,6104,6195,6380,6367,6227,6139,6290,6298
spookyhash,50000,282333,5.64666,20,6141,6262,6160,6342,6256,6242,6260,6337
spookyhash,50000,287916,5.75832,21,6260,6157,6302,6421,6276,6155,6233,6196
spookyhash,50000,282041,5.64082,22,6255,6278,6266,6305,6120,6311,6274,6191
spookyhash,50000,289958,5.79916,23,6175,6334,6295,6141,6320,6244,6227,6264
spookyhash,50000,280416,5.60832,24,6304,6254,6275,6255,6247,6237,6223,6205
spookyhash,50000,286792,5.73584,25,6320,6258,6171,6243,6217,6227,6341,6223
spookyhash,50000,283500,5.67,26,6319,6154,6263,6270,6354,6252,6197,6191
spookyhash,50000,282750,5.655,27,6271,6194,6321,6257,6153,6160,6305,6339
spookyhash,50000,287875,5.7575,28,6213,6151,6131,6319,6293,6262,6232,6399
spookyhash,50000,283167,5.66334,29,6135,6292,6188,6240,6347,6250,6344,6204
spookyhash,50000,290042,5.80084,30,6290,6208,6194,6327,6222,6391,6164,6204
spookyhash,50000,283167,5.66334,31,6342,6126,6109,6274,6277,6210,6248,6414
