algorithm,tuple_count,avg_time_ns,key_id,num_channels,fairness,chi,min_max_diff
ascon,50000,126.525,N/A,4,0.999925,7.52448e-05,0.504
ascon,50000,126.525,N/A,8,0.999891,0.000109082,0.366
ascon,50000,126.525,N/A,16,0.99964,0.000360243,0.426
ascon,50000,126.525,N/A,32,0.999456,0.000544026,0.27
ascon,50000,126.525,N/A,64,0.998982,0.00101919,0.244
ascon,50000,126.525,N/A,128,0.997508,0.00249836,0.206
crc32c,50000,11.9475,N/A,4,0.999969,3.14336e-05,0.37
crc32c,50000,11.9475,N/A,8,0.999933,6.73984e-05,0.324
crc32c,50000,11.9475,N/A,16,0.999619,0.000380826,0.492
crc32c,50000,11.9475,N/A,32,0.999422,0.000578022,0.408
crc32c,50000,11.9475,N/A,64,0.998734,0.00126766,0.278
crc32c,50000,11.9475,N/A,128,0.997683,0.00232264,0.184
jhash,50000,9.02916,0,4,0.999928,7.15328e-05,0.56
jhash,50000,9.02916,0,8,0.999822,0.000177869,0.55
jhash,50000,9.02916,0,16,0.999603,0.000397555,0.474
jhash,50000,9.02916,0,32,0.999149,0.000851712,0.398
jhash,50000,9.02916,0,64,0.998525,0.00147692,0.26
jhash,50000,9.02916,0,128,0.997096,0.00291205,0.212
jhash,50000,8.99668,1,4,0.99995,4.96096e-05,0.44
jhash,50000,8.99668,1,8,0.999914,8.55488e-05,0.376
jhash,50000,8.99668,1,16,0.999794,0.000206131,0.332
jhash,50000,8.99668,1,32,0.999371,0.000629146,0.278
jhash,50000,8.99668,1,64,0.998184,0.00181949,0.308
jhash,50000,8.99668,1,128,0.997176,0.00283238,0.208
jhash,50000,9.01334,2,4,0.999994,5.6704e-06,0.152
jhash,50000,9.01334,2,8,0.999911,8.87296e-05,0.38
jhash,50000,9.01334,2,16,0.999738,0.000262029,0.402
jhash,50000,9.01334,2,32,0.99946,0.000540083,0.314
jhash,50000,9.01334,2,64,0.998813,0.00118856,0.27
jhash,50000,9.01334,2,128,0.997167,0.00284119,0.262
jhash,50000,9.26,3,4,0.99997,2.97184e-05,0.306
jhash,50000,9.26,3,8,0.999876,0.000123789,0.414
jhash,50000,9.26,3,16,0.999765,0.000235072,0.324
jhash,50000,9.26,3,32,0.999547,0.000453094,0.29
jhash,50000,9.26,3,64,0.998477,0.00152556,0.282
jhash,50000,9.26,3,128,0.997337,0.00266988,0.214
jhash,50000,9.45,4,4,0.999963,3.6528e-05,0.382
jhash,50000,9.45,4,8,0.999942,5.8016e-05,0.312
jhash,50000,9.45,4,16,0.999848,0.000151718,0.256
jhash,50000,9.45,4,32,0.999485,0.000515661,0.3
jhash,50000,9.45,4,64,0.998773,0.00122865,0.23
jhash,50000,9.45,4,128,0.996986,0.00302275,0.216
jhash,50000,9.2,5,4,0.999868,0.000131722,0.684
jhash,50000,9.2,5,8,0.999823,0.000177517,0.464
jhash,50000,9.2,5,16,0.999634,0.000366413,0.52
jhash,50000,9.2,5,32,0.999223,0.000777165,0.406
jhash,50000,9.2,5,64,0.99873,0.00127196,0.252
jhash,50000,9.2,5,128,0.997154,0.0028543,0.226
jhash,50000,9.33166,6,4,0.999838,0.000161926,0.836
jhash,50000,9.33166,6,8,0.999806,0.000194406,0.46
jhash,50000,9.33166,6,16,0.999515,0.000484736,0.476
jhash,50000,9.33166,6,32,0.999218,0.000782771,0.306
jhash,50000,9.33166,6,64,0.998545,0.00145731,0.246
jhash,50000,9.33166,6,128,0.996839,0.00317143,0.194
jhash,50000,9.2175,7,4,0.999921,7.89024e-05,0.542
jhash,50000,9.2175,7,8,0.999861,0.000138752,0.506
jhash,50000,9.2175,7,16,0.999712,0.000287821,0.366
jhash,50000,9.2175,7,32,0.999449,0.00055104,0.282
jhash,50000,9.2175,7,64,0.998919,0.00108227,0.222
jhash,50000,9.2175,7,128,0.997299,0.00270828,0.214
jhash,50000,9.39166,8,4,0.999934,6.57312e-05,0.54
jhash,50000,9.39166,8,8,0.999924,7.62944e-05,0.362
jhash,50000,9.39166,8,16,0.999802,0.00019831,0.328
jhash,50000,9.39166,8,32,0.999479,0.000520832,0.354
jhash,50000,9.39166,8,64,0.998721,0.00128067,0.308
jhash,50000,9.39166,8,128,0.997263,0.00274412,0.236
jhash,50000,9.34916,9,4,0.999969,3.10624e-05,0.33
jhash,50000,9.34916,9,8,0.999917,8.30464e-05,0.33
jhash,50000,9.34916,9,16,0.999784,0.000216307,0.326
jhash,50000,9.34916,9,32,0.999497,0.000502886,0.288
jhash,50000,9.34916,9,64,0.99906,0.000940902,0.26
jhash,50000,9.34916,9,128,0.998094,0.00190976,0.194
jhash,50000,9.35166,10,4,0.999979,2.09792e-05,0.308
jhash,50000,9.35166,10,8,0.999842,0.00015783,0.508
jhash,50000,9.35166,10,16,0.999578,0.00042217,0.42
jhash,50000,9.35166,10,32,0.999267,0.000733466,0.296
jhash,50000,9.35166,10,64,0.998469,0.00153359,0.302
jhash,50000,9.35166,10,128,0.997354,0.00265329,0.208
jhash,50000,9.3525,11,4,0.999946,5.42176e-05,0.436
jhash,50000,9.3525,11,8,0.999838,0.00016176,0.556
jhash,50000,9.3525,11,16,0.999666,0.000334285,0.466
jhash,50000,9.3525,11,32,0.999425,0.000575078,0.312
jhash,50000,9.3525,11,64,0.998816,0.00118508,0.224
jhash,50000,9.3525,11,128,0.997396,0.00261048,0.21
jhash,50000,9.49834,12,4,0.999984,1.5664e-05,0.244
jhash,50000,9.49834,12,8,0.999956,4.36352e-05,0.29
jhash,50000,9.49834,12,16,0.999872,0.000128448,0.24
jhash,50000,9.49834,12,32,0.999454,0.000546739,0.288
jhash,50000,9.49834,12,64,0.998893,0.00110858,0.258
jhash,50000,9.49834,12,128,0.997654,0.00235192,0.2
jhash,50000,9.40168,13,4,0.999775,0.000225482,0.954
jhash,50000,9.40168,13,8,0.999661,0.000339174,0.622
jhash,50000,9.40168,13,16,0.999432,0.000568243,0.524
jhash,50000,9.40168,13,32,0.999166,0.000834995,0.43
jhash,50000,9.40168,13,64,0.998499,0.00150364,0.336
jhash,50000,9.40168,13,128,0.997029,0.00298035,0.246
jhash,50000,9.6975,14,4,0.999981,1.93376e-05,0.286
jhash,50000,9.6975,14,8,0.999841,0.00015865,0.558
jhash,50000,9.6975,14,16,0.999803,0.00019744,0.336
jhash,50000,9.6975,14,32,0.999522,0.000478003,0.292
jhash,50000,9.6975,14,64,0.998894,0.00110705,0.236
jhash,50000,9.6975,14,128,0.997656,0.00234916,0.178
jhash,50000,9.4325,15,4,0.999993,7.2224e-06,0.188
jhash,50000,9.4325,15,8,0.999905,9.46304e-05,0.366
jhash,50000,9.4325,15,16,0.999626,0.000373658,0.41
jhash,50000,9.4325,15,32,0.99934,0.000660301,0.326
jhash,50000,9.4325,15,64,0.998841,0.00116045,0.226
jhash,50000,9.4325,15,128,0.997448,0.00255867,0.19
jhash,50000,9.53584,16,4,0.999966,3.37472e-05,0.368
jhash,50000,9.53584,16,8,0.999863,0.000137024,0.482
jhash,50000,9.53584,16,16,0.999573,0.000427648,0.426
jhash,50000,9.53584,16,32,0.999317,0.000683059,0.348
jhash,50000,9.53584,16,64,0.998753,0.00124892,0.278
jhash,50000,9.53584,16,128,0.997488,0.00251873,0.184
jhash,50000,9.49166,17,4,0.99985,0.000149712,0.842
jhash,50000,9.49166,17,8,0.999776,0.000223744,0.698
jhash,50000,9.49166,17,16,0.99958,0.000420608,0.462
jhash,50000,9.49166,17,32,0.999285,0.000715674,0.318
jhash,50000,9.49166,17,64,0.99842,0.00158208,0.256
jhash,50000,9.49166,17,128,0.997098,0.00291092,0.206
jhash,50000,9.4325,18,4,0.99999,9.616e-06,0.186
jhash,50000,9.4325,18,8,0.999842,0.000157997,0.526
jhash,50000,9.4325,18,16,0.99967,0.000329907,0.358
jhash,50000,9.4325,18,32,0.999459,0.000541235,0.29
jhash,50000,9.4325,18,64,0.998881,0.00112061,0.224
jhash,50000,9.4325,18,128,0.99769,0.00231516,0.198
jhash,50000,9.45834,19,4,0.999979,2.10272e-05,0.322
jhash,50000,9.45834,19,8,0.999926,7.36256e-05,0.388
jhash,50000,9.45834,19,16,0.999751,0.000249126,0.388
jhash,50000,9.45834,19,32,0.999473,0.000527334,0.348
jhash,50000,9.45834,19,64,0.998768,0.00123325,0.278
jhash,50000,9.45834,19,128,0.997888,0.0021164,0.16
jhash,50000,9.6775,20,4,0.999912,8.78912e-05,0.584
jhash,50000,9.6775,20,8,0.999878,0.000122061,0.444
jhash,50000,9.6775,20,16,0.999717,0.000282611,0.388
jhash,50000,9.6775,20,32,0.999122,0.000879181,0.39
jhash,50000,9.6775,20,64,0.998507,0.00149494,0.296
jhash,50000,9.6775,20,128,0.997332,0.0026753,0.208
jhash,50000,9.86582,21,4,0.999894,0.000106333,0.694
jhash,50000,9.86582,21,8,0.999711,0.000289568,0.8
jhash,50000,9.86582,21,16,0.999582,0.000417728,0.528
jhash,50000,9.86582,21,32,0.99941,0.000590746,0.384
jhash,50000,9.86582,21,64,0.99863,0.00137139,0.306
jhash,50000,9.86582,21,128,0.997579,0.00242698,0.224
jhash,50000,9.6325,22,4,0.999981,1.92416e-05,0.298
jhash,50000,9.6325,22,8,0.999948,5.2256e-05,0.248
jhash,50000,9.6325,22,16,0.999843,0.00015744,0.232
jhash,50000,9.6325,22,32,0.99953,0.000470144,0.274
jhash,50000,9.6325,22,64,0.999049,0.00095232,0.232
jhash,50000,9.6325,22,128,0.997783,0.00222147,0.202
jhash,50000,9.59,23,4,0.999907,9.2528e-05,0.672
jhash,50000,9.59,23,8,0.99983,0.000169798,0.48
jhash,50000,9.59,23,16,0.999741,0.000259238,0.33
jhash,50000,9.59,23,32,0.999307,0.000693914,0.364
jhash,50000,9.59,23,64,0.998956,0.00104494,0.27
jhash,50000,9.59,23,128,0.997475,0.00253174,0.236
jhash,50000,9.6325,24,4,0.999984,1.61568e-05,0.276
jhash,50000,9.6325,24,8,0.999969,3.05984e-05,0.224
jhash,50000,9.6325,24,16,0.999868,0.000132237,0.25
jhash,50000,9.6325,24,32,0.999596,0.000403814,0.27
jhash,50000,9.6325,24,64,0.998964,0.00103731,0.234
jhash,50000,9.6325,24,128,0.997954,0.00205066,0.162
jhash,50000,9.63916,25,4,0.999977,2.2544e-05,0.274
jhash,50000,9.63916,25,8,0.999959,4.11072e-05,0.264
jhash,50000,9.63916,25,16,0.999903,9.72416e-05,0.246
jhash,50000,9.63916,25,32,0.9995,0.000499891,0.316
jhash,50000,9.63916,25,64,0.998824,0.00117729,0.242
jhash,50000,9.63916,25,128,0.997935,0.00206879,0.188
jhash,50000,9.63332,26,4,0.999888,0.000111677,0.74
jhash,50000,9.63332,26,8,0.999853,0.000147123,0.462
jhash,50000,9.63332,26,16,0.999654,0.000346342,0.394
jhash,50000,9.63332,26,32,0.999429,0.000571494,0.28
jhash,50000,9.63332,26,64,0.99919,0.000811008,0.188
jhash,50000,9.63332,26,128,0.998112,0.00189153,0.188
jhash,50000,9.82582,27,4,0.999983,1.70784e-05,0.256
jhash,50000,9.82582,27,8,0.99996,3.95584e-05,0.196
jhash,50000,9.82582,27,16,0.999796,0.00020407,0.338
jhash,50000,9.82582,27,32,0.999464,0.000536653,0.324
jhash,50000,9.82582,27,64,0.99874,0.00126121,0.27
jhash,50000,9.82582,27,128,0.99776,0.00224481,0.2
jhash,50000,9.64084,28,4,0.99994,5.96064e-05,0.486
jhash,50000,9.64084,28,8,0.999863,0.000137459,0.468
jhash,50000,9.64084,28,16,0.999773,0.000227187,0.318
jhash,50000,9.64084,28,32,0.999281,0.000719078,0.332
jhash,50000,9.64084,28,64,0.998664,0.00133816,0.33
jhash,50000,9.64084,28,128,0.99728,0.00272763,0.206
jhash,50000,9.64,29,4,0.999938,6.18528e-05,0.496
jhash,50000,9.64,29,8,0.999806,0.00019433,0.602
jhash,50000,9.64,29,16,0.999681,0.000318771,0.458
jhash,50000,9.64,29,32,0.999519,0.00048169,0.308
jhash,50000,9.64,29,64,0.998627,0.00137523,0.236
jhash,50000,9.64,29,128,0.99778,0.00222484,0.184
jhash,50000,9.86416,30,4,0.999904,9.62592e-05,0.678
jhash,50000,9.86416,30,8,0.999859,0.000141267,0.466
jhash,50000,9.86416,30,16,0.999767,0.000233152,0.344
jhash,50000,9.86416,30,32,0.99934,0.000660762,0.268
jhash,50000,9.86416,30,64,0.998648,0.00135429,0.252
jhash,50000,9.86416,30,128,0.997114,0.00289434,0.188
jhash,50000,9.71,31,4,0.999995,4.896e-06,0.156
jhash,50000,9.71,31,8,0.999903,9.71264e-05,0.434
jhash,50000,9.71,31,16,0.999788,0.000212326,0.286
jhash,50000,9.71,31,32,0.999459,0.000541619,0.314
jhash,50000,9.71,31,64,0.998903,0.0010986,0.212
jhash,50000,9.71,31,128,0.997357,0.00264991,0.21
chaskey,50000,25.76,0,4,0.999998,2.3712e-06,0.102
chaskey,50000,25.76,0,8,0.999944,5.6256e-05,0.346
chaskey,50000,25.76,0,16,0.999868,0.000131917,0.3
chaskey,50000,25.76,0,32,0.99965,0.000350618,0.256
chaskey,50000,25.76,0,64,0.99908,0.000920627,0.234
chaskey,50000,25.76,0,128,0.997915,0.00208916,0.174
chaskey,50000,25.1183,1,4,0.999885,0.000115478,0.71
chaskey,50000,25.1183,1,8,0.999712,0.000287885,0.704
chaskey,50000,25.1183,1,16,0.99957,0.000430272,0.56
chaskey,50000,25.1183,1,32,0.999135,0.000865306,0.364
chaskey,50000,25.1183,1,64,0.998498,0.0015039,0.3
chaskey,50000,25.1183,1,128,0.996989,0.00302049,0.212
chaskey,50000,25.3858,2,4,0.99995,4.9696e-05,0.488
chaskey,50000,25.3858,2,8,0.999935,6.5024e-05,0.374
chaskey,50000,25.3858,2,16,0.999813,0.000186893,0.308
chaskey,50000,25.3858,2,32,0.999466,0.000534016,0.266
chaskey,50000,25.3858,2,64,0.999046,0.00095447,0.234
chaskey,50000,25.3858,2,128,0.997651,0.00235438,0.194
chaskey,50000,25.3158,3,4,0.999973,2.744e-05,0.34
chaskey,50000,25.3158,3,8,0.999963,3.73888e-05,0.254
chaskey,50000,25.3158,3,16,0.999811,0.000189248,0.256
chaskey,50000,25.3158,3,32,0.999429,0.000571034,0.318
chaskey,50000,25.3158,3,64,0.998836,0.00116526,0.252
chaskey,50000,25.3158,3,128,0.99796,0.00204401,0.18
chaskey,50000,25.2708,4,4,0.999911,8.94944e-05,0.602
chaskey,50000,25.2708,4,8,0.999897,0.000103002,0.386
chaskey,50000,25.2708,4,16,0.999771,0.000229094,0.388
chaskey,50000,25.2708,4,32,0.999605,0.000395085,0.266
chaskey,50000,25.2708,4,64,0.999138,0.00086231,0.218
chaskey,50000,25.2708,4,128,0.99825,0.0017534,0.17
chaskey,50000,25.4083,5,4,0.99992,8.03232e-05,0.582
chaskey,50000,25.4083,5,8,0.999667,0.000332678,0.632
chaskey,50000,25.4083,5,16,0.999573,0.000427226,0.406
chaskey,50000,25.4083,5,32,0.999364,0.000636006,0.372
chaskey,50000,25.4083,5,64,0.999005,0.000996045,0.24
chaskey,50000,25.4083,5,128,0.997866,0.00213862,0.214
chaskey,50000,25.6083,6,4,0.999849,0.000151517,0.714
chaskey,50000,25.6083,6,8,0.999707,0.000292768,0.594
chaskey,50000,25.6083,6,16,0.999657,0.000343578,0.36
chaskey,50000,25.6083,6,32,0.999371,0.000629146,0.276
chaskey,50000,25.6083,6,64,0.998724,0.00127739,0.258
chaskey,50000,25.6083,6,128,0.99739,0.00261704,0.202
chaskey,50000,25.8967,7,4,0.999991,8.6624e-06,0.194
chaskey,50000,25.8967,7,8,0.999898,0.000101888,0.342
chaskey,50000,25.8967,7,16,0.999856,0.000143539,0.294
chaskey,50000,25.8967,7,32,0.999529,0.00047127,0.33
chaskey,50000,25.8967,7,64,0.998766,0.00123515,0.242
chaskey,50000,25.8967,7,128,0.997913,0.00209101,0.156
chaskey,50000,24.2567,8,4,0.999883,0.000116886,0.744
chaskey,50000,24.2567,8,8,0.999874,0.000125587,0.432
chaskey,50000,24.2567,8,16,0.999673,0.000327424,0.396
chaskey,50000,24.2567,8,32,0.999321,0.000679578,0.346
chaskey,50000,24.2567,8,64,0.998967,0.00103368,0.238
chaskey,50000,24.2567,8,128,0.997817,0.00218788,0.19
chaskey,50000,23.7267,9,4,0.999975,2.46944e-05,0.262
chaskey,50000,23.7267,9,8,0.999855,0.000145427,0.484
chaskey,50000,23.7267,9,16,0.999662,0.00033769,0.35
chaskey,50000,23.7267,9,32,0.999123,0.00087767,0.376
chaskey,50000,23.7267,9,64,0.998333,0.00166938,0.346
chaskey,50000,23.7267,9,128,0.99726,0.0027478,0.198
chaskey,50000,24.6608,10,4,0.999986,1.38784e-05,0.234
chaskey,50000,24.6608,10,8,0.999873,0.000127277,0.498
chaskey,50000,24.6608,10,16,0.999654,0.00034633,0.402
chaskey,50000,24.6608,10,32,0.9994,0.000600806,0.294
chaskey,50000,24.6608,10,64,0.999134,0.000866765,0.202
chaskey,50000,24.6608,10,128,0.997884,0.00212091,0.196
chaskey,50000,23.79,11,4,0.999921,7.90656e-05,0.54
chaskey,50000,23.79,11,8,0.99988,0.000119539,0.448
chaskey,50000,23.79,11,16,0.999794,0.000206298,0.37
chaskey,50000,23.79,11,32,0.999381,0.000619136,0.33
chaskey,50000,23.79,11,64,0.998605,0.00139709,0.25
chaskey,50000,23.79,11,128,0.997638,0.0023678,0.202
chaskey,50000,24.325,12,4,0.999988,1.20896e-05,0.212
chaskey,50000,24.325,12,8,0.99995,4.96768e-05,0.244
chaskey,50000,24.325,12,16,0.999807,0.000192563,0.3
chaskey,50000,24.325,12,32,0.999398,0.00060201,0.292
chaskey,50000,24.325,12,64,0.998861,0.00114017,0.212
chaskey,50000,24.325,12,128,0.997671,0.00233421,0.22
chaskey,50000,24.3733,13,4,0.99988,0.000119773,0.67
chaskey,50000,24.3733,13,8,0.999833,0.000166752,0.468
chaskey,50000,24.3733,13,16,0.999627,0.000373478,0.436
chaskey,50000,24.3733,13,32,0.999179,0.000821478,0.376
chaskey,50000,24.3733,13,64,0.998649,0.00135286,0.31
chaskey,50000,24.3733,13,128,0.997531,0.00247511,0.25
chaskey,50000,24.8733,14,4,0.999961,3.8672e-05,0.392
chaskey,50000,24.8733,14,8,0.99995,5.0176e-05,0.27
chaskey,50000,24.8733,14,16,0.999786,0.000214349,0.334
chaskey,50000,24.8733,14,32,0.999514,0.000485837,0.254
chaskey,50000,24.8733,14,64,0.998841,0.00116024,0.258
chaskey,50000,24.8733,14,128,0.99739,0.00261652,0.178
chaskey,50000,24.6892,15,4,0.999907,9.28544e-05,0.56
chaskey,50000,24.6892,15,8,0.999837,0.000162579,0.516
chaskey,50000,24.6892,15,16,0.999789,0.00021097,0.312
chaskey,50000,24.6892,15,32,0.999591,0.00040919,0.322
chaskey,50000,24.6892,15,64,0.999103,0.000897946,0.23
chaskey,50000,24.6892,15,128,0.99769,0.00231485,0.198
chaskey,50000,24.9767,16,4,0.999962,3.75136e-05,0.4
chaskey,50000,24.9767,16,8,0.999748,0.000252282,0.588
chaskey,50000,24.9767,16,16,0.999639,0.000360973,0.43
chaskey,50000,24.9767,16,32,0.999383,0.000617651,0.284
chaskey,50000,24.9767,16,64,0.998989,0.00101192,0.208
chaskey,50000,24.9767,16,128,0.997067,0.00294134,0.216
chaskey,50000,24.8167,17,4,0.99995,5.04864e-05,0.398
chaskey,50000,24.8167,17,8,0.999894,0.00010567,0.364
chaskey,50000,24.8167,17,16,0.999801,0.000198605,0.322
chaskey,50000,24.8167,17,32,0.999388,0.000612301,0.308
chaskey,50000,24.8167,17,64,0.998878,0.00112348,0.248
chaskey,50000,24.8167,17,128,0.997749,0.00225597,0.166
chaskey,50000,24.97,18,4,0.99996,4.04064e-05,0.384
chaskey,50000,24.97,18,8,0.999851,0.000148589,0.492
chaskey,50000,24.97,18,16,0.999689,0.000311014,0.444
chaskey,50000,24.97,18,32,0.999492,0.000508621,0.322
chaskey,50000,24.97,18,64,0.998885,0.00111642,0.248
chaskey,50000,24.97,18,128,0.997848,0.00215624,0.244
chaskey,50000,24.9275,19,4,0.999938,6.216e-05,0.534
chaskey,50000,24.9275,19,8,0.999779,0.000220589,0.554
chaskey,50000,24.9275,19,16,0.999503,0.000497306,0.504
chaskey,50000,24.9275,19,32,0.999346,0.00065431,0.31
chaskey,50000,24.9275,19,64,0.998808,0.00119296,0.254
chaskey,50000,24.9275,19,128,0.997508,0.00249795,0.196
chaskey,50000,25.3033,20,4,0.999975,2.54176e-05,0.342
chaskey,50000,25.3033,20,8,0.999891,0.000108557,0.438
chaskey,50000,25.3033,20,16,0.999772,0.000228262,0.402
chaskey,50000,25.3033,20,32,0.999425,0.000575104,0.388
chaskey,50000,25.3033,20,64,0.998726,0.0012759,0.252
chaskey,50000,25.3033,20,128,0.997306,0.00270152,0.224
chaskey,50000,25.5233,21,4,0.999958,4.16736e-05,0.372
chaskey,50000,25.5233,21,8,0.999905,9.46304e-05,0.368
chaskey,50000,25.5233,21,16,0.999788,0.00021193,0.334
chaskey,50000,25.5233,21,32,0.999355,0.000645837,0.362
chaskey,50000,25.5233,21,64,0.998744,0.00125778,0.236
chaskey,50000,25.5233,21,128,0.997754,0.00225116,0.22
chaskey,50000,25.3292,22,4,0.999994,6.2624e-06,0.166
chaskey,50000,25.3292,22,8,0.999904,9.62304e-05,0.368
chaskey,50000,25.3292,22,16,0.999792,0.00020768,0.324
chaskey,50000,25.3292,22,32,0.999537,0.000463539,0.266
chaskey,50000,25.3292,22,64,0.999003,0.000997734,0.216
chaskey,50000,25.3292,22,128,0.997641,0.00236431,0.204
chaskey,50000,25.1617,23,4,0.999974,2.6096e-05,0.338
chaskey,50000,25.1617,23,8,0.999899,0.000101235,0.446
chaskey,50000,25.1617,23,16,0.999706,0.000294234,0.34
chaskey,50000,25.1617,23,32,0.999461,0.000539187,0.266
chaskey,50000,25.1617,23,64,0.998854,0.00114739,0.216
chaskey,50000,25.1617,23,128,0.997789,0.00221614,0.174
chaskey,50000,24.4767,24,4,0.99997,2.9712e-05,0.366
chaskey,50000,24.4767,24,8,0.999763,0.000237312,0.494
chaskey,50000,24.4767,24,16,0.999644,0.000356045,0.38
chaskey,50000,24.4767,24,32,0.999316,0.000684058,0.37
chaskey,50000,24.4767,24,64,0.998834,0.00116746,0.242
chaskey,50000,24.4767,24,128,0.997283,0.00272466,0.204
chaskey,50000,23.7433,25,4,0.999974,2.58144e-05,0.358
chaskey,50000,23.7433,25,8,0.999929,7.0912e-05,0.324
chaskey,50000,23.7433,25,16,0.999739,0.000261261,0.408
chaskey,50000,23.7433,25,32,0.999459,0.000541466,0.348
chaskey,50000,23.7433,25,64,0.998808,0.00119357,0.286
chaskey,50000,23.7433,25,128,0.997651,0.00235407,0.196
chaskey,50000,23.7983,26,4,0.999971,2.94752e-05,0.338
chaskey,50000,23.7983,26,8,0.999935,6.46528e-05,0.322
chaskey,50000,23.7983,26,16,0.999747,0.00025344,0.37
chaskey,50000,23.7983,26,32,0.999342,0.000658765,0.366
chaskey,50000,23.7983,26,64,0.998945,0.00105564,0.232
chaskey,50000,23.7983,26,128,0.997516,0.00249047,0.21
chaskey,50000,24.0033,27,4,0.99997,2.9968e-05,0.366
chaskey,50000,24.0033,27,8,0.999779,0.000220864,0.538
chaskey,50000,24.0033,27,16,0.999637,0.000362739,0.496
chaskey,50000,24.0033,27,32,0.999406,0.000594048,0.34
chaskey,50000,24.0033,27,64,0.998828,0.0011732,0.258
chaskey,50000,24.0033,27,128,0.997389,0.00261796,0.218
chaskey,50000,23.9133,28,4,0.999821,0.000178602,0.818
chaskey,50000,23.9133,28,8,0.999696,0.000303718,0.71
chaskey,50000,23.9133,28,16,0.99962,0.000379891,0.492
chaskey,50000,23.9133,28,32,0.999332,0.000668237,0.286
chaskey,50000,23.9133,28,64,0.998502,0.00150052,0.288
chaskey,50000,23.9133,28,128,0.997219,0.00278856,0.204
chaskey,50000,24.0767,29,4,0.999986,1.40672e-05,0.232
chaskey,50000,24.0767,29,8,0.999898,0.000102349,0.452
chaskey,50000,24.0767,29,16,0.99968,0.000319616,0.42
chaskey,50000,24.0767,29,32,0.999268,0.000732646,0.38
chaskey,50000,24.0767,29,64,0.998717,0.00128466,0.25
chaskey,50000,24.0767,29,128,0.996893,0.00311716,0.25
chaskey,50000,24.6908,30,4,0.999912,8.84064e-05,0.658
chaskey,50000,24.6908,30,8,0.999819,0.000181088,0.622
chaskey,50000,24.6908,30,16,0.999657,0.000343309,0.456
chaskey,50000,24.6908,30,32,0.999431,0.00056919,0.294
chaskey,50000,24.6908,30,64,0.998907,0.00109373,0.242
chaskey,50000,24.6908,30,128,0.997704,0.00230164,0.162
chaskey,50000,24.7817,31,4,0.999953,4.65376e-05,0.446
chaskey,50000,24.7817,31,8,0.999825,0.000175219,0.498
chaskey,50000,24.7817,31,16,0.99974,0.000260198,0.344
chaskey,50000,24.7817,31,32,0.999422,0.000578509,0.352
chaskey,50000,24.7817,31,64,0.998722,0.00127995,0.238
chaskey,50000,24.7817,31,128,0.997449,0.00255754,0.2
halfsiphash,50000,24.6017,0,4,0.999917,8.26944e-05,0.596
halfsiphash,50000,24.6017,0,8,0.999908,9.22624e-05,0.354
halfsiphash,50000,24.6017,0,16,0.999722,0.000277722,0.372
halfsiphash,50000,24.6017,0,32,0.99959,0.000409933,0.296
halfsiphash,50000,24.6017,0,64,0.99908,0.000920371,0.232
halfsiphash,50000,24.6017,0,128,0.997672,0.0023339,0.178
halfsiphash,50000,24.83,1,4,0.999915,8.5024e-05,0.616
halfsiphash,50000,24.83,1,8,0.99985,0.000149888,0.406
halfsiphash,50000,24.83,1,16,0.999617,0.00038327,0.422
halfsiphash,50000,24.83,1,32,0.999236,0.000764211,0.31
halfsiphash,50000,24.83,1,64,0.998326,0.0016768,0.286
halfsiphash,50000,24.83,1,128,0.996936,0.00307354,0.198
halfsiphash,50000,25.0783,2,4,0.999976,2.3792e-05,0.314
halfsiphash,50000,25.0783,2,8,0.999948,5.23264e-05,0.242
halfsiphash,50000,25.0783,2,16,0.9997,0.000299674,0.338
halfsiphash,50000,25.0783,2,32,0.999423,0.000577229,0.314
halfsiphash,50000,25.0783,2,64,0.9986,0.0014018,0.266
halfsiphash,50000,25.0783,2,128,0.997458,0.00254884,0.184
halfsiphash,50000,25.0583,3,4,0.99998,1.95712e-05,0.308
halfsiphash,50000,25.0583,3,8,0.999929,7.05408e-05,0.35
halfsiphash,50000,25.0583,3,16,0.999816,0.000184294,0.268
halfsiphash,50000,25.0583,3,32,0.999311,0.000689536,0.336
halfsiphash,50000,25.0583,3,64,0.998689,0.00131241,0.266
halfsiphash,50000,25.0583,3,128,0.997313,0.00269445,0.2
halfsiphash,50000,24.9417,4,4,0.999883,0.000117411,0.758
halfsiphash,50000,24.9417,4,8,0.999802,0.00019808,0.634
halfsiphash,50000,24.9417,4,16,0.999716,0.000284237,0.37
halfsiphash,50000,24.9417,4,32,0.999404,0.000595891,0.324
halfsiphash,50000,24.9417,4,64,0.998712,0.00128932,0.264
halfsiphash,50000,24.9417,4,128,0.997344,0.00266312,0.212
halfsiphash,50000,25.2158,5,4,0.999986,1.43264e-05,0.22
halfsiphash,50000,25.2158,5,8,0.999931,6.94336e-05,0.358
halfsiphash,50000,25.2158,5,16,0.999733,0.000267021,0.346
halfsiphash,50000,25.2158,5,32,0.999066,0.000935322,0.416
halfsiphash,50000,25.2158,5,64,0.998553,0.00144886,0.26
halfsiphash,50000,25.2158,5,128,0.997403,0.00260393,0.178
halfsiphash,50000,24.9617,6,4,0.999983,1.65984e-05,0.246
halfsiphash,50000,24.9617,6,8,0.999797,0.000203098,0.512
halfsiphash,50000,24.9617,6,16,0.99952,0.000480179,0.478
halfsiphash,50000,24.9617,6,32,0.999136,0.000864307,0.372
halfsiphash,50000,24.9617,6,64,0.998322,0.00168079,0.276
halfsiphash,50000,24.9617,6,128,0.996828,0.00318198,0.208
halfsiphash,50000,25.3742,7,4,0.999962,3.76992e-05,0.39
halfsiphash,50000,25.3742,7,8,0.999939,6.12096e-05,0.282
halfsiphash,50000,25.3742,7,16,0.999915,8.45312e-05,0.214
halfsiphash,50000,25.3742,7,32,0.99966,0.000340531,0.28
halfsiphash,50000,25.3742,7,64,0.998971,0.00102989,0.22
halfsiphash,50000,25.3742,7,128,0.997884,0.00212081,0.19
halfsiphash,50000,24.8792,8,4,0.999986,1.38976e-05,0.198
halfsiphash,50000,24.8792,8,8,0.999973,2.68672e-05,0.208
halfsiphash,50000,24.8792,8,16,0.999757,0.00024297,0.364
halfsiphash,50000,24.8792,8,32,0.999346,0.000654874,0.288
halfsiphash,50000,24.8792,8,64,0.99853,0.00147236,0.308
halfsiphash,50000,24.8792,8,128,0.997416,0.00259113,0.234
halfsiphash,50000,24.365,9,4,0.999991,8.5856e-06,0.204
halfsiphash,50000,24.365,9,8,0.999903,9.70752e-05,0.344
halfsiphash,50000,24.365,9,16,0.999644,0.000356173,0.436
halfsiphash,50000,24.365,9,32,0.999272,0.000728474,0.424
halfsiphash,50000,24.365,9,64,0.998532,0.00146995,0.296
halfsiphash,50000,24.365,9,128,0.997149,0.00285911,0.244
halfsiphash,50000,24.4742,10,4,0.999979,2.09824e-05,0.318
halfsiphash,50000,24.4742,10,8,0.999926,7.39712e-05,0.346
halfsiphash,50000,24.4742,10,16,0.999608,0.000391744,0.484
halfsiphash,50000,24.4742,10,32,0.999118,0.000882662,0.372
halfsiphash,50000,24.4742,10,64,0.99843,0.00157281,0.306
halfsiphash,50000,24.4742,10,128,0.996845,0.00316508,0.254
halfsiphash,50000,24.5333,11,4,0.999942,5.81952e-05,0.508
halfsiphash,50000,24.5333,11,8,0.999929,7.0976e-05,0.336
halfsiphash,50000,24.5333,11,16,0.999716,0.00028361,0.402
halfsiphash,50000,24.5333,11,32,0.999422,0.00057792,0.304
halfsiphash,50000,24.5333,11,64,0.998502,0.00150072,0.29
halfsiphash,50000,24.5333,11,128,0.997298,0.00270909,0.224
halfsiphash,50000,24.44,12,4,0.999872,0.000127792,0.678
halfsiphash,50000,24.44,12,8,0.99984,0.000159968,0.474
halfsiphash,50000,24.44,12,16,0.999668,0.000331648,0.47
halfsiphash,50000,24.44,12,32,0.999113,0.000888269,0.434
halfsiphash,50000,24.44,12,64,0.998401,0.00160133,0.276
halfsiphash,50000,24.44,12,128,0.997127,0.00288133,0.252
halfsiphash,50000,24.495,13,4,0.999996,3.6704e-06,0.134
halfsiphash,50000,24.495,13,8,0.999855,0.000145056,0.38
halfsiphash,50000,24.495,13,16,0.999555,0.000445248,0.464
halfsiphash,50000,24.495,13,32,0.999167,0.000833408,0.388
halfsiphash,50000,24.495,13,64,0.998532,0.00147026,0.276
halfsiphash,50000,24.495,13,128,0.997251,0.00275671,0.204
halfsiphash,50000,25,14,4,0.999948,5.23808e-05,0.436
halfsiphash,50000,25,14,8,0.999895,0.000104563,0.42
halfsiphash,50000,25,14,16,0.999707,0.000292838,0.392
halfsiphash,50000,25,14,32,0.99941,0.000589926,0.43
halfsiphash,50000,25,14,64,0.998556,0.00144599,0.344
halfsiphash,50000,25,14,128,0.997405,0.00260168,0.206
halfsiphash,50000,24.745,15,4,0.999993,7.2608e-06,0.19
halfsiphash,50000,24.745,15,8,0.999888,0.000112352,0.408
halfsiphash,50000,24.745,15,16,0.999778,0.000222221,0.342
halfsiphash,50000,24.745,15,32,0.999396,0.00060457,0.348
halfsiphash,50000,24.745,15,64,0.99868,0.00132142,0.252
halfsiphash,50000,24.745,15,128,0.997682,0.00232346,0.216
halfsiphash,50000,25.0483,16,4,0.99987,0.000130141,0.734
halfsiphash,50000,25.0483,16,8,0.99978,0.00021991,0.594
halfsiphash,50000,25.0483,16,16,0.999463,0.000536922,0.582
halfsiphash,50000,25.0483,16,32,0.999203,0.00079808,0.4
halfsiphash,50000,25.0483,16,64,0.998616,0.00138573,0.278
halfsiphash,50000,25.0483,16,128,0.997425,0.00258171,0.23
halfsiphash,50000,24.8375,17,4,0.999898,0.000101917,0.69
halfsiphash,50000,24.8375,17,8,0.999788,0.000211565,0.496
halfsiphash,50000,24.8375,17,16,0.999618,0.000381786,0.43
halfsiphash,50000,24.8375,17,32,0.999427,0.000572877,0.316
halfsiphash,50000,24.8375,17,64,0.998974,0.00102707,0.286
halfsiphash,50000,24.8375,17,128,0.998068,0.00193618,0.192
halfsiphash,50000,24.7675,18,4,0.999945,5.49088e-05,0.484
halfsiphash,50000,24.7675,18,8,0.999931,6.86592e-05,0.354
halfsiphash,50000,24.7675,18,16,0.999818,0.000182438,0.334
halfsiphash,50000,24.7675,18,32,0.999544,0.000456499,0.282
halfsiphash,50000,24.7675,18,64,0.998803,0.00119828,0.28
halfsiphash,50000,24.7675,18,128,0.997666,0.00233953,0.178
halfsiphash,50000,24.9225,19,4,0.999931,6.91264e-05,0.58
halfsiphash,50000,24.9225,19,8,0.999894,0.000106278,0.362
halfsiphash,50000,24.9225,19,16,0.999799,0.000201395,0.29
halfsiphash,50000,24.9225,19,32,0.999326,0.000674022,0.336
halfsiphash,50000,24.9225,19,64,0.998981,0.00102011,0.212
halfsiphash,50000,24.9225,19,128,0.997915,0.00208886,0.196
halfsiphash,50000,24.8717,20,4,0.999958,4.21792e-05,0.398
halfsiphash,50000,24.8717,20,8,0.99992,7.96288e-05,0.346
halfsiphash,50000,24.8717,20,16,0.999753,0.00024672,0.312
halfsiphash,50000,24.8717,20,32,0.999493,0.00050775,0.258
halfsiphash,50000,24.8717,20,64,0.999062,0.000939162,0.282
halfsiphash,50000,24.8717,20,128,0.997592,0.00241377,0.194
halfsiphash,50000,25.5758,21,4,0.99987,0.000130019,0.7
halfsiphash,50000,25.5758,21,8,0.999827,0.000173088,0.532
halfsiphash,50000,25.5758,21,16,0.999549,0.000450854,0.488
halfsiphash,50000,25.5758,21,32,0.999373,0.000627661,0.316
halfsiphash,50000,25.5758,21,64,0.998572,0.00142976,0.282
halfsiphash,50000,25.5758,21,128,0.997472,0.0025344,0.176
halfsiphash,50000,24.945,22,4,0.999934,6.55936e-05,0.512
halfsiphash,50000,24.945,22,8,0.999841,0.000158861,0.54
halfsiphash,50000,24.945,22,16,0.999676,0.000324288,0.496
halfsiphash,50000,24.945,22,32,0.999491,0.000509261,0.348
halfsiphash,50000,24.945,22,64,0.998887,0.00111391,0.21
halfsiphash,50000,24.945,22,128,0.997871,0.00213381,0.21
halfsiphash,50000,24.9792,23,4,0.99999,1.02816e-05,0.216
halfsiphash,50000,24.9792,23,8,0.999891,0.000109421,0.364
halfsiphash,50000,24.9792,23,16,0.999744,0.00025641,0.356
halfsiphash,50000,24.9792,23,32,0.99941,0.000590566,0.282
halfsiphash,50000,24.9792,23,64,0.998744,0.00125793,0.252
halfsiphash,50000,24.9792,23,128,0.997697,0.00230789,0.194
halfsiphash,50000,25.0008,24,4,0.999958,4.22528e-05,0.4
halfsiphash,50000,25.0008,24,8,0.999839,0.000161184,0.542
halfsiphash,50000,25.0008,24,16,0.999626,0.000374106,0.39
halfsiphash,50000,25.0008,24,32,0.999485,0.000514995,0.24
halfsiphash,50000,25.0008,24,64,0.998681,0.00132055,0.242
halfsiphash,50000,25.0008,24,128,0.997194,0.00281426,0.218
halfsiphash,50000,25.4717,25,4,0.999927,7.3424e-05,0.566
halfsiphash,50000,25.4717,25,8,0.999726,0.00027383,0.704
halfsiphash,50000,25.4717,25,16,0.999528,0.000472102,0.538
halfsiphash,50000,25.4717,25,32,0.999151,0.000849997,0.438
halfsiphash,50000,25.4717,25,64,0.998407,0.0015957,0.274
halfsiphash,50000,25.4717,25,128,0.997509,0.00249713,0.18
halfsiphash,50000,25.8192,26,4,0.999995,4.736e-06,0.152
halfsiphash,50000,25.8192,26,8,0.999823,0.00017744,0.528
halfsiphash,50000,25.8192,26,16,0.999753,0.000247219,0.36
halfsiphash,50000,25.8192,26,32,0.999595,0.000405325,0.238
halfsiphash,50000,25.8192,26,64,0.999093,0.000908134,0.228
halfsiphash,50000,25.8192,26,128,0.998122,0.0018815,0.186
halfsiphash,50000,25.6233,27,4,0.999971,2.88384e-05,0.356
halfsiphash,50000,25.6233,27,8,0.999944,5.62752e-05,0.26
halfsiphash,50000,25.6233,27,16,0.999852,0.000148467,0.288
halfsiphash,50000,25.6233,27,32,0.999549,0.000451021,0.32
halfsiphash,50000,25.6233,27,64,0.998935,0.00106593,0.236
halfsiphash,50000,25.6233,27,128,0.997052,0.00295629,0.18
halfsiphash,50000,25.395,28,4,0.999924,7.58144e-05,0.568
halfsiphash,50000,25.395,28,8,0.999797,0.000203488,0.516
halfsiphash,50000,25.395,28,16,0.999696,0.000303962,0.462
halfsiphash,50000,25.395,28,32,0.999307,0.000693914,0.376
halfsiphash,50000,25.395,28,64,0.9983,0.00170255,0.328
halfsiphash,50000,25.395,28,128,0.99717,0.00283781,0.204
halfsiphash,50000,25.5525,29,4,0.999883,0.00011695,0.676
halfsiphash,50000,25.5525,29,8,0.999812,0.000187898,0.57
halfsiphash,50000,25.5525,29,16,0.999555,0.00044521,0.476
halfsiphash,50000,25.5525,29,32,0.9992,0.000800512,0.352
halfsiphash,50000,25.5525,29,64,0.998688,0.0013142,0.25
halfsiphash,50000,25.5525,29,128,0.997566,0.0024404,0.212
halfsiphash,50000,25.2342,30,4,0.99992,7.98048e-05,0.624
halfsiphash,50000,25.2342,30,8,0.999755,0.000245184,0.562
halfsiphash,50000,25.2342,30,16,0.999563,0.000436979,0.528
halfsiphash,50000,25.2342,30,32,0.999211,0.000789248,0.38
halfsiphash,50000,25.2342,30,64,0.998642,0.00135992,0.262
halfsiphash,50000,25.2342,30,128,0.997184,0.00282348,0.188
halfsiphash,50000,25.2933,31,4,0.999948,5.19776e-05,0.452
halfsiphash,50000,25.2933,31,8,0.999911,8.86848e-05,0.368
halfsiphash,50000,25.2933,31,16,0.999653,0.000346995,0.544
halfsiphash,50000,25.2933,31,32,0.999426,0.000573875,0.406
halfsiphash,50000,25.2933,31,64,0.99899,0.00101069,0.232
halfsiphash,50000,25.2933,31,128,0.997503,0.00250307,0.194
siphash,50000,14.2417,0,4,0.99994,6.0112e-05,0.508
siphash,50000,14.2417,0,8,0.999778,0.00022185,0.562
siphash,50000,14.2417,0,16,0.999519,0.000481574,0.582
siphash,50000,14.2417,0,32,0.999347,0.000652954,0.37
siphash,50000,14.2417,0,64,0.998597,0.00140452,0.318
siphash,50000,14.2417,0,128,0.997173,0.00283464,0.252
siphash,50000,13.6442,1,4,0.999914,8.648e-05,0.614
siphash,50000,13.6442,1,8,0.999868,0.000132467,0.482
siphash,50000,13.6442,1,16,0.999728,0.000272218,0.416
siphash,50000,13.6442,1,32,0.999308,0.000692966,0.39
siphash,50000,13.6442,1,64,0.99845,0.00155269,0.352
siphash,50000,13.6442,1,128,0.997415,0.00259185,0.236
siphash,50000,13.7567,2,4,0.999993,7.0432e-06,0.162
siphash,50000,13.7567,2,8,0.999937,6.28224e-05,0.296
siphash,50000,13.7567,2,16,0.999792,0.000208371,0.318
siphash,50000,13.7567,2,32,0.999455,0.000545434,0.282
siphash,50000,13.7567,2,64,0.998656,0.00134595,0.26
siphash,50000,13.7567,2,128,0.997498,0.0025087,0.192
siphash,50000,13.885,3,4,0.999983,1.71872e-05,0.256
siphash,50000,13.885,3,8,0.999908,9.21088e-05,0.342
siphash,50000,13.885,3,16,0.999787,0.000212774,0.416
siphash,50000,13.885,3,32,0.999395,0.000605261,0.304
siphash,50000,13.885,3,64,0.998715,0.00128655,0.25
siphash,50000,13.885,3,128,0.997726,0.00227953,0.196
siphash,50000,13.7217,4,4,0.999854,0.00014575,0.768
siphash,50000,13.7217,4,8,0.999733,0.00026679,0.668
siphash,50000,13.7217,4,16,0.999356,0.000644058,0.664
siphash,50000,13.7217,4,32,0.998926,0.00107515,0.468
siphash,50000,13.7217,4,64,0.998239,0.00176394,0.32
siphash,50000,13.7217,4,128,0.997087,0.00292198,0.234
siphash,50000,13.9242,5,4,0.999907,9.3296e-05,0.614
siphash,50000,13.9242,5,8,0.999889,0.00011056,0.43
siphash,50000,13.9242,5,16,0.999796,0.000204518,0.332
siphash,50000,13.9242,5,32,0.99959,0.000410061,0.23
siphash,50000,13.9242,5,64,0.998916,0.00108554,0.218
siphash,50000,13.9242,5,128,0.997569,0.00243692,0.19
siphash,50000,13.7067,6,4,0.999837,0.000163286,0.894
siphash,50000,13.7067,6,8,0.999785,0.00021529,0.598
siphash,50000,13.7067,6,16,0.999681,0.000318797,0.438
siphash,50000,13.7067,6,32,0.999557,0.000443546,0.258
siphash,50000,13.7067,6,64,0.998939,0.00106163,0.218
siphash,50000,13.7067,6,128,0.997487,0.00251914,0.198
siphash,50000,13.7033,7,4,0.999875,0.000125379,0.742
siphash,50000,13.7033,7,8,0.999789,0.000211014,0.54
siphash,50000,13.7033,7,16,0.999617,0.00038327,0.552
siphash,50000,13.7033,7,32,0.999419,0.000580838,0.31
siphash,50000,13.7033,7,64,0.998556,0.00144579,0.266
siphash,50000,13.7033,7,128,0.997424,0.00258314,0.19
siphash,50000,13.9958,8,4,0.999915,8.53984e-05,0.578
siphash,50000,13.9958,8,8,0.999894,0.00010567,0.36
siphash,50000,13.9958,8,16,0.999745,0.000255053,0.316
siphash,50000,13.9958,8,32,0.99946,0.000540646,0.296
siphash,50000,13.9958,8,64,0.998724,0.00127811,0.236
siphash,50000,13.9958,8,128,0.997377,0.00262994,0.186
siphash,50000,14.3267,9,4,0.999985,1.46336e-05,0.238
siphash,50000,14.3267,9,8,0.999925,7.54112e-05,0.332
siphash,50000,14.3267,9,16,0.999833,0.000167322,0.338
siphash,50000,14.3267,9,32,0.999519,0.000481664,0.32
siphash,50000,14.3267,9,64,0.998532,0.00146985,0.228
siphash,50000,14.3267,9,128,0.99683,0.00317962,0.224
siphash,50000,14.1692,10,4,0.999967,3.344e-05,0.388
siphash,50000,14.1692,10,8,0.999928,7.23584e-05,0.324
siphash,50000,14.1692,10,16,0.999845,0.000154842,0.342
siphash,50000,14.1692,10,32,0.999438,0.000562355,0.292
siphash,50000,14.1692,10,64,0.99871,0.00129198,0.308
siphash,50000,14.1692,10,128,0.997541,0.00246518,0.214
siphash,50000,14.3233,11,4,0.999972,2.81952e-05,0.326
siphash,50000,14.3233,11,8,0.999927,7.31648e-05,0.32
siphash,50000,14.3233,11,16,0.999782,0.000217587,0.328
siphash,50000,14.3233,11,32,0.999472,0.000528512,0.316
siphash,50000,14.3233,11,64,0.998925,0.00107576,0.23
siphash,50000,14.3233,11,128,0.997955,0.00204913,0.174
siphash,50000,14.4058,12,4,0.999953,4.72704e-05,0.428
siphash,50000,14.4058,12,8,0.999921,7.93408e-05,0.322
siphash,50000,14.4058,12,16,0.999812,0.000188045,0.306
siphash,50000,14.4058,12,32,0.999491,0.000509338,0.354
siphash,50000,14.4058,12,64,0.998858,0.0011434,0.248
siphash,50000,14.4058,12,128,0.997698,0.00230687,0.17
siphash,50000,14.37,13,4,0.999975,2.52992e-05,0.332
siphash,50000,14.37,13,8,0.99991,8.95232e-05,0.424
siphash,50000,14.37,13,16,0.999863,0.000137382,0.276
siphash,50000,14.37,13,32,0.99949,0.000510438,0.298
siphash,50000,14.37,13,64,0.998918,0.00108303,0.22
siphash,50000,14.37,13,128,0.997818,0.00218644,0.216
siphash,50000,14.4608,14,4,0.999975,2.52384e-05,0.322
siphash,50000,14.4608,14,8,0.999865,0.000134746,0.432
siphash,50000,14.4608,14,16,0.999591,0.000408691,0.5
siphash,50000,14.4608,14,32,0.999312,0.000688922,0.344
siphash,50000,14.4608,14,64,0.998845,0.00115625,0.268
siphash,50000,14.4608,14,128,0.997559,0.00244726,0.202
siphash,50000,13.6158,15,4,0.999973,2.68064e-05,0.346
siphash,50000,13.6158,15,8,0.999875,0.000124992,0.424
siphash,50000,13.6158,15,16,0.999548,0.000452442,0.43
siphash,50000,13.6158,15,32,0.999071,0.00093033,0.36
siphash,50000,13.6158,15,64,0.99817,0.00183291,0.302
siphash,50000,13.6158,15,128,0.996776,0.0032341,0.216
siphash,50000,13.6275,16,4,0.999975,2.5136e-05,0.334
siphash,50000,13.6275,16,8,0.999966,3.39968e-05,0.214
siphash,50000,13.6275,16,16,0.999915,8.54656e-05,0.224
siphash,50000,13.6275,16,32,0.999612,0.00038848,0.228
siphash,50000,13.6275,16,64,0.999084,0.000917146,0.21
siphash,50000,13.6275,16,128,0.997807,0.00219791,0.166
siphash,50000,14.2942,17,4,0.999982,1.75232e-05,0.248
siphash,50000,14.2942,17,8,0.999923,7.68576e-05,0.322
siphash,50000,14.2942,17,16,0.99981,0.000190464,0.322
siphash,50000,14.2942,17,32,0.999335,0.000665651,0.41
siphash,50000,14.2942,17,64,0.998941,0.0010602,0.252
siphash,50000,14.2942,17,128,0.99774,0.00226478,0.218
siphash,50000,13.5725,18,4,0.999977,2.26016e-05,0.296
siphash,50000,13.5725,18,8,0.999914,8.59328e-05,0.416
siphash,50000,13.5725,18,16,0.999482,0.000518707,0.536
siphash,50000,13.5725,18,32,0.99916,0.000840653,0.374
siphash,50000,13.5725,18,64,0.998364,0.00163845,0.322
siphash,50000,13.5725,18,128,0.996764,0.00324669,0.21
siphash,50000,13.6142,19,4,0.99994,6.02528e-05,0.446
siphash,50000,13.6142,19,8,0.999912,8.79168e-05,0.338
siphash,50000,13.6142,19,16,0.999629,0.000371085,0.438
siphash,50000,13.6142,19,32,0.999418,0.000582272,0.292
siphash,50000,13.6142,19,64,0.99847,0.00153211,0.274
siphash,50000,13.6142,19,128,0.997086,0.00292219,0.206
siphash,50000,13.7,20,4,0.999962,3.80256e-05,0.404
siphash,50000,13.7,20,8,0.999887,0.000113312,0.448
siphash,50000,13.7,20,16,0.999636,0.00036439,0.392
siphash,50000,13.7,20,32,0.999144,0.000856858,0.412
siphash,50000,13.7,20,64,0.998353,0.00164977,0.316
siphash,50000,13.7,20,128,0.99682,0.00318966,0.232
siphash,50000,13.865,21,4,0.999967,3.31584e-05,0.372
siphash,50000,13.865,21,8,0.999959,4.07808e-05,0.238
siphash,50000,13.865,21,16,0.999855,0.000145498,0.262
siphash,50000,13.865,21,32,0.999625,0.000375424,0.25
siphash,50000,13.865,21,64,0.998964,0.00103675,0.234
siphash,50000,13.865,21,128,0.997782,0.0022229,0.208
siphash,50000,13.9833,22,4,0.999949,5.10368e-05,0.478
siphash,50000,13.9833,22,8,0.999927,7.27936e-05,0.338
siphash,50000,13.9833,22,16,0.99981,0.000189734,0.332
siphash,50000,13.9833,22,32,0.999557,0.000443622,0.294
siphash,50000,13.9833,22,64,0.998966,0.00103537,0.246
siphash,50000,13.9833,22,128,0.997925,0.00207954,0.2
siphash,50000,14.2017,23,4,0.999993,6.6848e-06,0.154
siphash,50000,14.2017,23,8,0.999958,4.24e-05,0.282
siphash,50000,14.2017,23,16,0.999836,0.000164211,0.308
siphash,50000,14.2017,23,32,0.999595,0.00040489,0.268
siphash,50000,14.2017,23,64,0.999038,0.000963277,0.19
siphash,50000,14.2017,23,128,0.998078,0.00192614,0.17
siphash,50000,13.9658,24,4,0.99995,5.00544e-05,0.492
siphash,50000,13.9658,24,8,0.99991,8.97536e-05,0.436
siphash,50000,13.9658,24,16,0.999777,0.000223501,0.286
siphash,50000,13.9658,24,32,0.999586,0.000414618,0.274
siphash,50000,13.9658,24,64,0.998787,0.00121457,0.214
siphash,50000,13.9658,24,128,0.997588,0.00241756,0.204
siphash,50000,14.2483,25,4,0.999974,2.5504e-05,0.348
siphash,50000,14.2483,25,8,0.999904,9.63968e-05,0.38
siphash,50000,14.2483,25,16,0.99975,0.000250445,0.41
siphash,50000,14.2483,25,32,0.999211,0.000790118,0.354
siphash,50000,14.2483,25,64,0.998595,0.00140657,0.262
siphash,50000,14.2483,25,128,0.997438,0.0025686,0.2
siphash,50000,14.1433,26,4,0.999966,3.37376e-05,0.362
siphash,50000,14.1433,26,8,0.999873,0.000126592,0.354
siphash,50000,14.1433,26,16,0.999791,0.000209459,0.364
siphash,50000,14.1433,26,32,0.999362,0.000638003,0.35
siphash,50000,14.1433,26,64,0.998657,0.00134502,0.286
siphash,50000,14.1433,26,128,0.997634,0.00237158,0.208
siphash,50000,14.3117,27,4,0.999968,3.15616e-05,0.38
siphash,50000,14.3117,27,8,0.999906,9.36576e-05,0.372
siphash,50000,14.3117,27,16,0.999599,0.000400819,0.524
siphash,50000,14.3117,27,32,0.999286,0.000714547,0.364
siphash,50000,14.3117,27,64,0.998709,0.00129316,0.268
siphash,50000,14.3117,27,128,0.99798,0.00202414,0.164
siphash,50000,14.7775,28,4,0.999883,0.000117085,0.682
siphash,50000,14.7775,28,8,0.999828,0.000172211,0.534
siphash,50000,14.7775,28,16,0.999745,0.000254861,0.426
siphash,50000,14.7775,28,32,0.999536,0.000463974,0.348
siphash,50000,14.7775,28,64,0.998752,0.00125,0.242
siphash,50000,14.7775,28,128,0.997565,0.0024405,0.164
siphash,50000,13.5792,29,4,0.999989,1.128e-05,0.206
siphash,50000,13.5792,29,8,0.999871,0.000128973,0.456
siphash,50000,13.5792,29,16,0.999756,0.000244262,0.306
siphash,50000,13.5792,29,32,0.999494,0.000506086,0.344
siphash,50000,13.5792,29,64,0.998977,0.00102415,0.236
siphash,50000,13.5792,29,128,0.997998,0.00200602,0.188
siphash,50000,13.7658,30,4,0.999988,1.18304e-05,0.224
siphash,50000,13.7658,30,8,0.999937,6.26176e-05,0.342
siphash,50000,13.7658,30,16,0.999779,0.000221299,0.31
siphash,50000,13.7658,30,32,0.999375,0.000625638,0.3
siphash,50000,13.7658,30,64,0.998686,0.0013162,0.254
siphash,50000,13.7658,30,128,0.997371,0.00263547,0.216
siphash,50000,13.6683,31,4,0.999895,0.000104912,0.634
siphash,50000,13.6683,31,8,0.999861,0.000138733,0.48
siphash,50000,13.6683,31,16,0.999553,0.000447398,0.414
siphash,50000,13.6683,31,32,0.999226,0.000774707,0.314
siphash,50000,13.6683,31,64,0.998794,0.0012075,0.24
siphash,50000,13.6683,31,128,0.997615,0.00239104,0.198
spookyhash,50000,6.47334,0,4,0.999931,6.9152e-05,0.516
spookyhash,50000,6.47334,0,8,0.999826,0.000174118,0.548
spookyhash,50000,6.47334,0,16,0.999623,0.00037673,0.504
spookyhash,50000,6.47334,0,32,0.9994,0.000600422,0.342
spookyhash,50000,6.47334,0,64,0.998602,0.00140001,0.244
spookyhash,50000,6.47334,0,128,0.997525,0.00248074,0.212
spookyhash,50000,6.45834,1,4,0.999923,7.74336e-05,0.56
spookyhash,50000,6.45834,1,8,0.999904,9.62304e-05,0.424
spookyhash,50000,6.45834,1,16,0.999852,0.000148416,0.266
spookyhash,50000,6.45834,1,32,0.999671,0.000328653,0.196
spookyhash,50000,6.45834,1,64,0.999176,0.000825139,0.228
spookyhash,50000,6.45834,1,128,0.997904,0.00210043,0.21
spookyhash,50000,6.67916,2,4,0.999971,2.91904e-05,0.316
spookyhash,50000,6.67916,2,8,0.999858,0.000141888,0.43
spookyhash,50000,6.67916,2,16,0.999703,0.000296678,0.432
spookyhash,50000,6.67916,2,32,0.999517,0.000482893,0.294
spookyhash,50000,6.67916,2,64,0.998806,0.00119572,0.254
spookyhash,50000,6.67916,2,128,0.997647,0.00235837,0.176
spookyhash,50000,6.70834,3,4,0.999982,1.83808e-05,0.296
spookyhash,50000,6.70834,3,8,0.999973,2.74112e-05,0.204
spookyhash,50000,6.70834,3,16,0.999791,0.000209101,0.334
spookyhash,50000,6.70834,3,32,0.999445,0.000555597,0.286
spookyhash,50000,6.70834,3,64,0.99906,0.000940851,0.204
spookyhash,50000,6.70834,3,128,0.99781,0.00219515,0.18
spookyhash,50000,6.53834,4,4,0.999949,5.0912e-05,0.432
spookyhash,50000,6.53834,4,8,0.999875,0.00012489,0.456
spookyhash,50000,6.53834,4,16,0.999773,0.00022729,0.306
spookyhash,50000,6.53834,4,32,0.999471,0.000529075,0.282
spookyhash,50000,6.53834,4,64,0.998989,0.00101202,0.262
spookyhash,50000,6.53834,4,128,0.997816,0.0021887,0.196
spookyhash,50000,7.07166,5,4,0.999973,2.70976e-05,0.34
spookyhash,50000,7.07166,5,8,0.99989,0.00011047,0.422
spookyhash,50000,7.07166,5,16,0.999794,0.000205914,0.292
spookyhash,50000,7.07166,5,32,0.999501,0.0004992,0.254
spookyhash,50000,7.07166,5,64,0.99884,0.00116142,0.254
spookyhash,50000,7.07166,5,128,0.997294,0.00271309,0.216
spookyhash,50000,6.71416,6,4,0.999934,6.58752e-05,0.508
spookyhash,50000,6.71416,6,8,0.999852,0.000147635,0.468
spookyhash,50000,6.71416,6,16,0.999739,0.000260634,0.356
spookyhash,50000,6.71416,6,32,0.999441,0.000559411,0.298
spookyhash,50000,6.71416,6,64,0.99876,0.00124155,0.264
spookyhash,50000,6.71416,6,128,0.997218,0.00278958,0.174
spookyhash,50000,6.61918,7,4,0.999971,2.93536e-05,0.346
spookyhash,50000,6.61918,7,8,0.999589,0.000411213,0.83
spookyhash,50000,6.61918,7,16,0.999357,0.000643814,0.648
spookyhash,50000,6.61918,7,32,0.998867,0.00113405,0.502
spookyhash,50000,6.61918,7,64,0.998241,0.00176251,0.386
spookyhash,50000,6.61918,7,128,0.996717,0.0032938,0.236
spookyhash,50000,6.76,8,4,0.99982,0.000180234,0.938
spookyhash,50000,6.76,8,8,0.999699,0.000301523,0.752
spookyhash,50000,6.76,8,16,0.999529,0.000471078,0.5
spookyhash,50000,6.76,8,32,0.999158,0.000842701,0.346
spookyhash,50000,6.76,8,64,0.998665,0.00133642,0.258
spookyhash,50000,6.76,8,128,0.997182,0.00282624,0.196
spookyhash,50000,6.85,9,4,0.999885,0.00011544,0.656
spookyhash,50000,6.85,9,8,0.999729,0.000271302,0.586
spookyhash,50000,6.85,9,16,0.999627,0.000373542,0.428
spookyhash,50000,6.85,9,32,0.99933,0.000670643,0.338
spookyhash,50000,6.85,9,64,0.998977,0.001024,0.248
spookyhash,50000,6.85,9,128,0.997957,0.00204687,0.188
spookyhash,50000,6.71916,10,4,0.999975,2.4832e-05,0.312
spookyhash,50000,6.71916,10,8,0.999939,6.10944e-05,0.266
spookyhash,50000,6.71916,10,16,0.99975,0.0002496,0.342
spookyhash,50000,6.71916,10,32,0.999474,0.000526234,0.332
spookyhash,50000,6.71916,10,64,0.998867,0.00113418,0.232
spookyhash,50000,6.71916,10,128,0.997474,0.00253194,0.224
spookyhash,50000,6.69168,11,4,0.99993,6.96864e-05,0.514
spookyhash,50000,6.69168,11,8,0.999893,0.000106701,0.426
spookyhash,50000,6.69168,11,16,0.999795,0.00020544,0.386
spookyhash,50000,6.69168,11,32,0.999512,0.000488013,0.308
spookyhash,50000,6.69168,11,64,0.998974,0.00102666,0.276
spookyhash,50000,6.69168,11,128,0.99772,0.00228526,0.222
spookyhash,50000,6.8,12,4,0.999904,9.60288e-05,0.59
spookyhash,50000,6.8,12,8,0.999645,0.000355309,0.722
spookyhash,50000,6.8,12,16,0.999574,0.000425946,0.472
spookyhash,50000,6.8,12,32,0.999035,0.000965478,0.396
spookyhash,50000,6.8,12,64,0.998521,0.00148096,0.274
spookyhash,50000,6.8,12,128,0.997081,0.00292772,0.224
spookyhash,50000,6.79666,13,4,0.999936,6.40608e-05,0.502
spookyhash,50000,6.79666,13,8,0.999876,0.000123706,0.478
spookyhash,50000,6.79666,13,16,0.999798,0.000202086,0.36
spookyhash,50000,6.79666,13,32,0.99951,0.00049001,0.324
spookyhash,50000,6.79666,13,64,0.998808,0.00119388,0.246
spookyhash,50000,6.79666,13,128,0.997274,0.00273295,0.21
spookyhash,50000,6.78834,14,4,0.999858,0.00014239,0.752
spookyhash,50000,6.78834,14,8,0.99981,0.00019015,0.556
spookyhash,50000,6.78834,14,16,0.999749,0.000251251,0.358
spookyhash,50000,6.78834,14,32,0.999529,0.000471373,0.242
spookyhash,50000,6.78834,14,64,0.998772,0.00122988,0.226
spookyhash,50000,6.78834,14,128,0.997293,0.00271432,0.174
spookyhash,50000,6.76334,15,4,0.999939,6.10336e-05,0.534
spookyhash,50000,6.76334,15,8,0.999876,0.000123974,0.362
spookyhash,50000,6.76334,15,16,0.999657,0.000342618,0.388
spookyhash,50000,6.76334,15,32,0.999391,0.000608973,0.268
spookyhash,50000,6.76334,15,64,0.998426,0.00157599,0.284
spookyhash,50000,6.76334,15,128,0.996914,0.00309514,0.22
spookyhash,50000,7.045,16,4,0.999937,6.30656e-05,0.532
spookyhash,50000,7.045,16,8,0.999744,0.000256365,0.714
spookyhash,50000,7.045,16,16,0.999602,0.000398003,0.54
spookyhash,50000,7.045,16,32,0.999448,0.000552192,0.354
spookyhash,50000,7.045,16,64,0.998734,0.0012672,0.29
spookyhash,50000,7.045,16,128,0.997551,0.00245545,0.19
spookyhash,50000,6.935,17,4,0.99991,9.04544e-05,0.65
spookyhash,50000,6.935,17,8,0.999875,0.000125005,0.456
spookyhash,50000,6.935,17,16,0.999731,0.000268838,0.364
spookyhash,50000,6.935,17,32,0.999576,0.000424013,0.248
spookyhash,50000,6.935,17,64,0.998712,0.00128998,0.236
spookyhash,50000,6.935,17,128,0.997651,0.00235428,0.196
spookyhash,50000,6.75834,18,4,0.999947,5.28e-05,0.456
spookyhash,50000,6.75834,18,8,0.999898,0.000101862,0.46
spookyhash,50000,6.75834,18,16,0.999752,0.000248218,0.344
spookyhash,50000,6.75834,18,32,0.999609,0.000391117,0.238
spookyhash,50000,6.75834,18,64,0.999156,0.000844237,0.188
spookyhash,50000,6.75834,18,128,0.998038,0.00196618,0.186
spookyhash,50000,6.9025,19,4,0.999887,0.000112938,0.686
spookyhash,50000,6.9025,19,8,0.999738,0.000262086,0.588
spookyhash,50000,6.9025,19,16,0.999502,0.000498035,0.482
spookyhash,50000,6.9025,19,32,0.999138,0.000862336,0.35
spookyhash,50000,6.9025,19,64,0.998488,0.00151414,0.274
spookyhash,50000,6.9025,19,128,0.996868,0.00314225,0.222
spookyhash,50000,6.76,20,4,0.999998,2.1152e-06,0.09
spookyhash,50000,6.76,20,8,0.999941,5.93472e-05,0.284
spookyhash,50000,6.76,20,16,0.999905,9.48608e-05,0.184
spookyhash,50000,6.76,20,32,0.999607,0.00039296,0.27
spookyhash,50000,6.76,20,64,0.998995,0.00100623,0.21
spookyhash,50000,6.76,20,128,0.99763,0.00237588,0.198
spookyhash,50000,6.76584,21,4,0.999977,2.29792e-05,0.338
spookyhash,50000,6.76584,21,8,0.999918,8.19264e-05,0.338
spookyhash,50000,6.76584,21,16,0.999805,0.000195507,0.256
spookyhash,50000,6.76584,21,32,0.999422,0.00057856,0.28
spookyhash,50000,6.76584,21,64,0.998772,0.00122967,0.292
spookyhash,50000,6.76584,21,128,0.997454,0.00255242,0.224
spookyhash,50000,6.94916,22,4,0.999892,0.000107546,0.68
spookyhash,50000,6.94916,22,8,0.999824,0.000176301,0.576
spookyhash,50000,6.94916,22,16,0.999727,0.00027351,0.372
spookyhash,50000,6.94916,22,32,0.999412,0.000588698,0.338
spookyhash,50000,6.94916,22,64,0.998798,0.00120392,0.266
spookyhash,50000,6.94916,22,128,0.997648,0.00235756,0.202
spookyhash,50000,6.77166,23,4,0.999972,2.75616e-05,0.33
spookyhash,50000,6.77166,23,8,0.999795,0.000204845,0.52
spookyhash,50000,6.77166,23,16,0.999689,0.000310784,0.352
spookyhash,50000,6.77166,23,32,0.999388,0.00061271,0.314
spookyhash,50000,6.77166,23,64,0.998719,0.00128271,0.316
spookyhash,50000,6.77166,23,128,0.997789,0.00221624,0.178
spookyhash,50000,6.75584,24,4,0.999939,6.09984e-05,0.488
spookyhash,50000,6.75584,24,8,0.999888,0.000112256,0.442
spookyhash,50000,6.75584,24,16,0.999836,0.000164454,0.262
spookyhash,50000,6.75584,24,32,0.999459,0.000541338,0.384
spookyhash,50000,6.75584,24,64,0.998615,0.0013866,0.288
spookyhash,50000,6.75584,24,128,0.997122,0.00288666,0.222
spookyhash,50000,6.8025,25,4,0.999976,2.36736e-05,0.336
spookyhash,50000,6.8025,25,8,0.999955,4.5248e-05,0.278
spookyhash,50000,6.8025,25,16,0.999889,0.000110899,0.26
spookyhash,50000,6.8025,25,32,0.999502,0.000498534,0.252
spookyhash,50000,6.8025,25,64,0.999024,0.000976998,0.228
spookyhash,50000,6.8025,25,128,0.997801,0.00220426,0.21
spookyhash,50000,6.86,26,4,0.999992,8.0288e-06,0.184
spookyhash,50000,6.86,26,8,0.999962,3.7824e-05,0.252
spookyhash,50000,6.86,26,16,0.999738,0.000261926,0.404
spookyhash,50000,6.86,26,32,0.999479,0.0005216,0.316
spookyhash,50000,6.86,26,64,0.998921,0.00108058,0.23
spookyhash,50000,6.86,26,128,0.99759,0.00241572,0.214
spookyhash,50000,6.76166,27,4,0.999969,3.08768e-05,0.39
spookyhash,50000,6.76166,27,8,0.999956,4.39104e-05,0.304
spookyhash,50000,6.76166,27,16,0.999618,0.000382541,0.478
spookyhash,50000,6.76166,27,32,0.999289,0.000711782,0.368
spookyhash,50000,6.76166,27,64,0.998379,0.00162335,0.256
spookyhash,50000,6.76166,27,128,0.997325,0.00268196,0.194
spookyhash,50000,6.80582,28,4,0.999952,4.7888e-05,0.438
spookyhash,50000,6.80582,28,8,0.999925,7.53024e-05,0.296
spookyhash,50000,6.80582,28,16,0.999838,0.000162291,0.304
spookyhash,50000,6.80582,28,32,0.999659,0.000340915,0.24
spookyhash,50000,6.80582,28,64,0.998947,0.00105411,0.204
spookyhash,50000,6.80582,28,128,0.997793,0.00221153,0.212
spookyhash,50000,6.85,29,4,0.999984,1.6208e-05,0.218
spookyhash,50000,6.85,29,8,0.999958,4.23424e-05,0.246
spookyhash,50000,6.85,29,16,0.999828,0.000172326,0.3
spookyhash,50000,6.85,29,32,0.999579,0.00042071,0.3
spookyhash,50000,6.85,29,64,0.99903,0.000970547,0.244
spookyhash,50000,6.85,29,128,0.997795,0.0022103,0.206
spookyhash,50000,6.84334,30,4,1,3.232e-07,0.04
spookyhash,50000,6.84334,30,8,0.999865,0.000134579,0.472
spookyhash,50000,6.84334,30,16,0.999735,0.000265203,0.358
spookyhash,50000,6.84334,30,32,0.999474,0.000525978,0.314
spookyhash,50000,6.84334,30,64,0.998612,0.00139023,0.29
spookyhash,50000,6.84334,30,128,0.997279,0.00272845,0.208
spookyhash,50000,6.9,31,4,0.999957,4.33824e-05,0.456
spookyhash,50000,6.9,31,8,0.99974,0.000259578,0.676
spookyhash,50000,6.9,31,16,0.999581,0.00041952,0.454
spookyhash,50000,6.9,31,32,0.999146,0.000854323,0.372
spookyhash,50000,6.9,31,64,0.998511,0.00149125,0.356
spookyhash,50000,6.9,31,128,0.997207,0.00280095,0.252
